"","as.matrix.chargers_forecast.","year_list","county"
"1",3720.73141503729,2021,"Alameda"
"2",4605.7556492348,2022,"Alameda"
"3",4972.42952056803,2023,"Alameda"
"4",5339.10339190125,2024,"Alameda"
"5",5705.77726323448,2025,"Alameda"
"6",6072.45113456771,2026,"Alameda"
"7",6439.12500590093,2027,"Alameda"
"8",6805.79887723416,2028,"Alameda"
"9",7172.47274856739,2029,"Alameda"
"10",7539.14661990061,2030,"Alameda"
"11",7905.82049123384,2031,"Alameda"
"12",8272.49436256706,2032,"Alameda"
"13",8639.16823390029,2033,"Alameda"
"14",9005.84210523352,2034,"Alameda"
"15",9372.51597656674,2035,"Alameda"
"16",37.7142985679392,2015,"Amador"
"17",44.8571698032477,2016,"Amador"
"18",51.2143182977731,2017,"Amador"
"19",57.5714667922986,2018,"Amador"
"20",63.928615286824,2019,"Amador"
"21",70.2857637813494,2020,"Amador"
"22",76.6429122758748,2021,"Amador"
"23",83.0000607704002,2022,"Amador"
"24",89.3572092649256,2023,"Amador"
"25",95.714357759451,2024,"Amador"
"26",102.071506253976,2025,"Amador"
"27",108.428654748502,2026,"Amador"
"28",114.785803243027,2027,"Amador"
"29",121.142951737553,2028,"Amador"
"30",127.500100232078,2029,"Amador"
"31",133.857248726603,2030,"Amador"
"32",140.214397221129,2031,"Amador"
"33",146.571545715654,2032,"Amador"
"34",152.92869421018,2033,"Amador"
"35",159.285842704705,2034,"Amador"
"36",165.642991199231,2035,"Amador"
"37",60.4285679462852,2016,"Butte"
"38",69.214274783516,2017,"Butte"
"39",78.9285575184821,2018,"Butte"
"40",88.6428402534482,2019,"Butte"
"41",98.3571229884143,2020,"Butte"
"42",108.07140572338,2021,"Butte"
"43",117.785688458347,2022,"Butte"
"44",127.499971193313,2023,"Butte"
"45",137.214253928279,2024,"Butte"
"46",146.928536663245,2025,"Butte"
"47",156.642819398211,2026,"Butte"
"48",166.357102133177,2027,"Butte"
"49",176.071384868143,2028,"Butte"
"50",185.785667603109,2029,"Butte"
"51",195.499950338075,2030,"Butte"
"52",205.214233073041,2031,"Butte"
"53",214.928515808008,2032,"Butte"
"54",224.642798542974,2033,"Butte"
"55",234.35708127794,2034,"Butte"
"56",244.071364012906,2035,"Butte"
"57",1535.77341744736,2011,"City and County of San Francisco"
"58",1883.92191079521,2012,"City and County of San Francisco"
"59",2004.52481602812,2013,"City and County of San Francisco"
"60",2125.12772126104,2014,"City and County of San Francisco"
"61",2245.73062649395,2015,"City and County of San Francisco"
"62",2366.33353172687,2016,"City and County of San Francisco"
"63",2486.93643695978,2017,"City and County of San Francisco"
"64",2607.5393421927,2018,"City and County of San Francisco"
"65",2728.14224742561,2019,"City and County of San Francisco"
"66",2848.74515265853,2020,"City and County of San Francisco"
"67",2969.34805789144,2021,"City and County of San Francisco"
"68",3089.95096312436,2022,"City and County of San Francisco"
"69",3210.55386835727,2023,"City and County of San Francisco"
"70",3331.15677359018,2024,"City and County of San Francisco"
"71",3451.7596788231,2025,"City and County of San Francisco"
"72",3572.36258405601,2026,"City and County of San Francisco"
"73",3692.96548928893,2027,"City and County of San Francisco"
"74",3813.56839452184,2028,"City and County of San Francisco"
"75",3934.17129975476,2029,"City and County of San Francisco"
"76",4054.77420498767,2030,"City and County of San Francisco"
"77",4175.37711022059,2031,"City and County of San Francisco"
"78",4295.9800154535,2032,"City and County of San Francisco"
"79",4416.58292068642,2033,"City and County of San Francisco"
"80",4537.18582591933,2034,"City and County of San Francisco"
"81",4657.78873115225,2035,"City and County of San Francisco"
"82",1041.40686942348,2019,"Contra Costa"
"83",1344.29572558526,2020,"Contra Costa"
"84",1469.68162098905,2021,"Contra Costa"
"85",1595.06751639284,2022,"Contra Costa"
"86",1720.45341179662,2023,"Contra Costa"
"87",1845.83930720041,2024,"Contra Costa"
"88",1971.2252026042,2025,"Contra Costa"
"89",2096.61109800799,2026,"Contra Costa"
"90",2221.99699341177,2027,"Contra Costa"
"91",2347.38288881556,2028,"Contra Costa"
"92",2472.76878421935,2029,"Contra Costa"
"93",2598.15467962314,2030,"Contra Costa"
"94",2723.54057502692,2031,"Contra Costa"
"95",2848.92647043071,2032,"Contra Costa"
"96",2974.3123658345,2033,"Contra Costa"
"97",3099.69826123829,2034,"Contra Costa"
"98",3225.08415664207,2035,"Contra Costa"
"99",162.811754814483,2013,"El Dorado"
"100",192.966882593566,2014,"El Dorado"
"101",209.887990076085,2015,"El Dorado"
"102",226.809097558605,2016,"El Dorado"
"103",243.730205041124,2017,"El Dorado"
"104",260.651312523643,2018,"El Dorado"
"105",277.572420006163,2019,"El Dorado"
"106",294.493527488682,2020,"El Dorado"
"107",311.414634971202,2021,"El Dorado"
"108",328.335742453721,2022,"El Dorado"
"109",345.256849936241,2023,"El Dorado"
"110",362.17795741876,2024,"El Dorado"
"111",379.099064901279,2025,"El Dorado"
"112",396.020172383799,2026,"El Dorado"
"113",412.941279866318,2027,"El Dorado"
"114",429.862387348838,2028,"El Dorado"
"115",446.783494831357,2029,"El Dorado"
"116",463.704602313877,2030,"El Dorado"
"117",480.625709796396,2031,"El Dorado"
"118",497.546817278916,2032,"El Dorado"
"119",514.467924761435,2033,"El Dorado"
"120",531.389032243954,2034,"El Dorado"
"121",548.310139726474,2035,"El Dorado"
"122",811.278477908862,2021,"Fresno"
"123",916.117024137923,2022,"Fresno"
"124",985.237209120448,2023,"Fresno"
"125",1054.35739410297,2024,"Fresno"
"126",1123.4775790855,2025,"Fresno"
"127",1192.59776406802,2026,"Fresno"
"128",1261.71794905055,2027,"Fresno"
"129",1330.83813403307,2028,"Fresno"
"130",1399.9583190156,2029,"Fresno"
"131",1469.07850399812,2030,"Fresno"
"132",1538.19868898065,2031,"Fresno"
"133",1607.31887396317,2032,"Fresno"
"134",1676.4390589457,2033,"Fresno"
"135",1745.55924392822,2034,"Fresno"
"136",1814.67942891075,2035,"Fresno"
"137",129.586819020276,2018,"Humboldt"
"138",174.301747859371,2019,"Humboldt"
"139",191.371187293544,2020,"Humboldt"
"140",208.440626727716,2021,"Humboldt"
"141",225.510066161888,2022,"Humboldt"
"142",242.579505596061,2023,"Humboldt"
"143",259.648945030233,2024,"Humboldt"
"144",276.718384464405,2025,"Humboldt"
"145",293.787823898578,2026,"Humboldt"
"146",310.85726333275,2027,"Humboldt"
"147",327.926702766922,2028,"Humboldt"
"148",344.996142201095,2029,"Humboldt"
"149",362.065581635267,2030,"Humboldt"
"150",379.135021069439,2031,"Humboldt"
"151",396.204460503612,2032,"Humboldt"
"152",413.273899937784,2033,"Humboldt"
"153",430.343339371957,2034,"Humboldt"
"154",447.412778806129,2035,"Humboldt"
"155",113.647928665307,2015,"Imperial"
"156",142.135916868944,2016,"Imperial"
"157",166.520875902737,2017,"Imperial"
"158",190.905834936531,2018,"Imperial"
"159",215.290793970325,2019,"Imperial"
"160",239.675753004118,2020,"Imperial"
"161",264.060712037912,2021,"Imperial"
"162",288.445671071706,2022,"Imperial"
"163",312.830630105499,2023,"Imperial"
"164",337.215589139293,2024,"Imperial"
"165",361.600548173087,2025,"Imperial"
"166",385.98550720688,2026,"Imperial"
"167",410.370466240674,2027,"Imperial"
"168",434.755425274467,2028,"Imperial"
"169",459.140384308261,2029,"Imperial"
"170",483.525343342055,2030,"Imperial"
"171",507.910302375848,2031,"Imperial"
"172",532.295261409642,2032,"Imperial"
"173",556.680220443436,2033,"Imperial"
"174",581.065179477229,2034,"Imperial"
"175",605.450138511023,2035,"Imperial"
"176",307.531689970929,2020,"Kern"
"177",380.82186910043,2021,"Kern"
"178",414.724675620761,2022,"Kern"
"179",448.627482141092,2023,"Kern"
"180",482.530288661423,2024,"Kern"
"181",516.433095181754,2025,"Kern"
"182",550.335901702085,2026,"Kern"
"183",584.238708222416,2027,"Kern"
"184",618.141514742747,2028,"Kern"
"185",652.044321263078,2029,"Kern"
"186",685.947127783409,2030,"Kern"
"187",719.84993430374,2031,"Kern"
"188",753.752740824071,2032,"Kern"
"189",787.655547344402,2033,"Kern"
"190",821.558353864733,2034,"Kern"
"191",855.461160385064,2035,"Kern"
"192",132.188631219502,2019,"Kings"
"193",156.984635588159,2020,"Kings"
"194",183.608508149396,2021,"Kings"
"195",210.232380710633,2022,"Kings"
"196",236.85625327187,2023,"Kings"
"197",263.480125833106,2024,"Kings"
"198",290.103998394343,2025,"Kings"
"199",316.72787095558,2026,"Kings"
"200",343.351743516817,2027,"Kings"
"201",369.975616078054,2028,"Kings"
"202",396.599488639291,2029,"Kings"
"203",423.223361200528,2030,"Kings"
"204",449.847233761765,2031,"Kings"
"205",476.471106323001,2032,"Kings"
"206",503.094978884238,2033,"Kings"
"207",529.718851445475,2034,"Kings"
"208",556.342724006712,2035,"Kings"
"209",14.666666968337,2019,"Lake"
"210",17.3333340477801,2020,"Lake"
"211",19.8333341988886,2021,"Lake"
"212",22.3333343499971,2022,"Lake"
"213",24.8333345011056,2023,"Lake"
"214",27.3333346522141,2024,"Lake"
"215",29.8333348033226,2025,"Lake"
"216",32.3333349544311,2026,"Lake"
"217",34.8333351055396,2027,"Lake"
"218",37.3333352566481,2028,"Lake"
"219",39.8333354077566,2029,"Lake"
"220",42.3333355588651,2030,"Lake"
"221",44.8333357099736,2031,"Lake"
"222",47.3333358610821,2032,"Lake"
"223",49.8333360121906,2033,"Lake"
"224",52.3333361632991,2034,"Lake"
"225",54.8333363144076,2035,"Lake"
"226",6854.87783815551,2013,"Los Angeles"
"227",10178.9192057794,2014,"Los Angeles"
"228",10666.2211429737,2015,"Los Angeles"
"229",11153.5230801679,2016,"Los Angeles"
"230",11640.8250173621,2017,"Los Angeles"
"231",12128.1269545563,2018,"Los Angeles"
"232",12615.4288917506,2019,"Los Angeles"
"233",13102.7308289448,2020,"Los Angeles"
"234",13590.032766139,2021,"Los Angeles"
"235",14077.3347033333,2022,"Los Angeles"
"236",14564.6366405275,2023,"Los Angeles"
"237",15051.9385777217,2024,"Los Angeles"
"238",15539.240514916,2025,"Los Angeles"
"239",16026.5424521102,2026,"Los Angeles"
"240",16513.8443893044,2027,"Los Angeles"
"241",17001.1463264987,2028,"Los Angeles"
"242",17488.4482636929,2029,"Los Angeles"
"243",17975.7502008871,2030,"Los Angeles"
"244",18463.0521380814,2031,"Los Angeles"
"245",18950.3540752756,2032,"Los Angeles"
"246",19437.6560124698,2033,"Los Angeles"
"247",19924.957949664,2034,"Los Angeles"
"248",20412.2598868583,2035,"Los Angeles"
"249",106.524083400816,2020,"Madera"
"250",114.095849405032,2021,"Madera"
"251",130.524556259002,2022,"Madera"
"252",146.953263112972,2023,"Madera"
"253",163.381969966942,2024,"Madera"
"254",179.810676820912,2025,"Madera"
"255",196.239383674882,2026,"Madera"
"256",212.668090528852,2027,"Madera"
"257",229.096797382822,2028,"Madera"
"258",245.525504236792,2029,"Madera"
"259",261.954211090763,2030,"Madera"
"260",278.382917944733,2031,"Madera"
"261",294.811624798703,2032,"Madera"
"262",311.240331652673,2033,"Madera"
"263",327.669038506643,2034,"Madera"
"264",344.097745360613,2035,"Madera"
"265",848.592165388957,2018,"Marin"
"266",1030.3916280278,2019,"Marin"
"267",1111.19776457763,2020,"Marin"
"268",1192.00390112746,2021,"Marin"
"269",1272.81003767729,2022,"Marin"
"270",1353.61617422712,2023,"Marin"
"271",1434.42231077694,2024,"Marin"
"272",1515.22844732677,2025,"Marin"
"273",1596.0345838766,2026,"Marin"
"274",1676.84072042643,2027,"Marin"
"275",1757.64685697626,2028,"Marin"
"276",1838.45299352608,2029,"Marin"
"277",1919.25913007591,2030,"Marin"
"278",2000.06526662574,2031,"Marin"
"279",2080.87140317557,2032,"Marin"
"280",2161.6775397254,2033,"Marin"
"281",2242.48367627522,2034,"Marin"
"282",2323.28981282505,2035,"Marin"
"283",20.3959740806311,2016,"Mariposa"
"284",22.8660479817943,2017,"Mariposa"
"285",25.9424579804481,2018,"Mariposa"
"286",29.0188679791018,2019,"Mariposa"
"287",32.0952779777556,2020,"Mariposa"
"288",35.1716879764093,2021,"Mariposa"
"289",38.2480979750631,2022,"Mariposa"
"290",41.3245079737168,2023,"Mariposa"
"291",44.4009179723706,2024,"Mariposa"
"292",47.4773279710243,2025,"Mariposa"
"293",50.5537379696781,2026,"Mariposa"
"294",53.6301479683318,2027,"Mariposa"
"295",56.7065579669856,2028,"Mariposa"
"296",59.7829679656393,2029,"Mariposa"
"297",62.8593779642931,2030,"Mariposa"
"298",65.9357879629468,2031,"Mariposa"
"299",69.0121979616006,2032,"Mariposa"
"300",72.0886079602544,2033,"Mariposa"
"301",75.1650179589081,2034,"Mariposa"
"302",78.2414279575619,2035,"Mariposa"
"303",146.661012214833,2019,"Mendocino"
"304",172.698449761255,2020,"Mendocino"
"305",185.949098253466,2021,"Mendocino"
"306",199.199746745677,2022,"Mendocino"
"307",212.450395237888,2023,"Mendocino"
"308",225.701043730099,2024,"Mendocino"
"309",238.95169222231,2025,"Mendocino"
"310",252.202340714521,2026,"Mendocino"
"311",265.452989206732,2027,"Mendocino"
"312",278.703637698943,2028,"Mendocino"
"313",291.954286191154,2029,"Mendocino"
"314",305.204934683365,2030,"Mendocino"
"315",318.455583175576,2031,"Mendocino"
"316",331.706231667787,2032,"Mendocino"
"317",344.956880159998,2033,"Mendocino"
"318",358.20752865221,2034,"Mendocino"
"319",371.458177144421,2035,"Mendocino"
"320",212.685072940872,2018,"Merced"
"321",265.363883516092,2019,"Merced"
"322",294.314682695737,2020,"Merced"
"323",323.265481875381,2021,"Merced"
"324",352.216281055025,2022,"Merced"
"325",381.16708023467,2023,"Merced"
"326",410.117879414314,2024,"Merced"
"327",439.068678593958,2025,"Merced"
"328",468.019477773603,2026,"Merced"
"329",496.970276953247,2027,"Merced"
"330",525.921076132891,2028,"Merced"
"331",554.871875312535,2029,"Merced"
"332",583.82267449218,2030,"Merced"
"333",612.773473671824,2031,"Merced"
"334",641.724272851468,2032,"Merced"
"335",670.675072031113,2033,"Merced"
"336",699.625871210757,2034,"Merced"
"337",728.576670390401,2035,"Merced"
"338",541.993754143921,2019,"Monterey"
"339",656.003763376353,2020,"Monterey"
"340",703.660793507776,2021,"Monterey"
"341",751.317823639198,2022,"Monterey"
"342",798.974853770621,2023,"Monterey"
"343",846.631883902044,2024,"Monterey"
"344",894.288914033466,2025,"Monterey"
"345",941.945944164889,2026,"Monterey"
"346",989.602974296312,2027,"Monterey"
"347",1037.26000442773,2028,"Monterey"
"348",1084.91703455916,2029,"Monterey"
"349",1132.57406469058,2030,"Monterey"
"350",1180.231094822,2031,"Monterey"
"351",1227.88812495343,2032,"Monterey"
"352",1275.54515508485,2033,"Monterey"
"353",1323.20218521627,2034,"Monterey"
"354",1370.85921534769,2035,"Monterey"
"355",310.899962489714,2019,"Napa"
"356",313.799932319722,2020,"Napa"
"357",346.899919816353,2021,"Napa"
"358",379.999907312983,2022,"Napa"
"359",413.099894809613,2023,"Napa"
"360",446.199882306244,2024,"Napa"
"361",479.299869802874,2025,"Napa"
"362",512.399857299504,2026,"Napa"
"363",545.499844796134,2027,"Napa"
"364",578.599832292765,2028,"Napa"
"365",611.699819789395,2029,"Napa"
"366",644.799807286025,2030,"Napa"
"367",677.899794782655,2031,"Napa"
"368",710.999782279286,2032,"Napa"
"369",744.099769775916,2033,"Napa"
"370",777.199757272546,2034,"Napa"
"371",810.299744769177,2035,"Napa"
"372",120.098592422439,2019,"Nevada"
"373",120.076523167347,2020,"Nevada"
"374",135.792910177642,2021,"Nevada"
"375",151.509297187938,2022,"Nevada"
"376",167.225684198233,2023,"Nevada"
"377",182.942071208528,2024,"Nevada"
"378",198.658458218824,2025,"Nevada"
"379",214.374845229119,2026,"Nevada"
"380",230.091232239415,2027,"Nevada"
"381",245.80761924971,2028,"Nevada"
"382",261.524006260005,2029,"Nevada"
"383",277.240393270301,2030,"Nevada"
"384",292.956780280596,2031,"Nevada"
"385",308.673167290892,2032,"Nevada"
"386",324.389554301187,2033,"Nevada"
"387",340.105941311482,2034,"Nevada"
"388",355.822328321778,2035,"Nevada"
"389",4292.03293118675,2013,"Orange"
"390",4877.80110368927,2014,"Orange"
"391",5240.60874764977,2015,"Orange"
"392",5603.41639161026,2016,"Orange"
"393",5966.22403557076,2017,"Orange"
"394",6329.03167953126,2018,"Orange"
"395",6691.83932349176,2019,"Orange"
"396",7054.64696745226,2020,"Orange"
"397",7417.45461141275,2021,"Orange"
"398",7780.26225537325,2022,"Orange"
"399",8143.06989933375,2023,"Orange"
"400",8505.87754329425,2024,"Orange"
"401",8868.68518725474,2025,"Orange"
"402",9231.49283121524,2026,"Orange"
"403",9594.30047517574,2027,"Orange"
"404",9957.10811913624,2028,"Orange"
"405",10319.9157630967,2029,"Orange"
"406",10682.7234070572,2030,"Orange"
"407",11045.5310510177,2031,"Orange"
"408",11408.3386949782,2032,"Orange"
"409",11771.1463389387,2033,"Orange"
"410",12133.9539828992,2034,"Orange"
"411",12496.7616268597,2035,"Orange"
"412",386.721094143677,2008,"Placer"
"413",476.518496633672,2009,"Placer"
"414",513.77478228623,2010,"Placer"
"415",551.031067938788,2011,"Placer"
"416",588.287353591347,2012,"Placer"
"417",625.543639243905,2013,"Placer"
"418",662.799924896463,2014,"Placer"
"419",700.056210549022,2015,"Placer"
"420",737.31249620158,2016,"Placer"
"421",774.568781854138,2017,"Placer"
"422",811.825067506697,2018,"Placer"
"423",849.081353159255,2019,"Placer"
"424",886.337638811814,2020,"Placer"
"425",923.593924464372,2021,"Placer"
"426",960.85021011693,2022,"Placer"
"427",998.106495769489,2023,"Placer"
"428",1035.36278142205,2024,"Placer"
"429",1072.61906707461,2025,"Placer"
"430",1109.87535272716,2026,"Placer"
"431",1147.13163837972,2027,"Placer"
"432",1184.38792403228,2028,"Placer"
"433",1221.64420968484,2029,"Placer"
"434",1258.9004953374,2030,"Placer"
"435",1296.15678098996,2031,"Placer"
"436",1333.41306664251,2032,"Placer"
"437",1370.66935229507,2033,"Placer"
"438",1407.92563794763,2034,"Placer"
"439",1445.18192360019,2035,"Placer"
"440",1417.35290613956,2009,"Riverside"
"441",1919.93001853367,2010,"Riverside"
"442",2050.41573334528,2011,"Riverside"
"443",2180.90144815688,2012,"Riverside"
"444",2311.38716296848,2013,"Riverside"
"445",2441.87287778008,2014,"Riverside"
"446",2572.35859259169,2015,"Riverside"
"447",2702.84430740329,2016,"Riverside"
"448",2833.33002221489,2017,"Riverside"
"449",2963.81573702649,2018,"Riverside"
"450",3094.30145183809,2019,"Riverside"
"451",3224.7871666497,2020,"Riverside"
"452",3355.2728814613,2021,"Riverside"
"453",3485.7585962729,2022,"Riverside"
"454",3616.2443110845,2023,"Riverside"
"455",3746.73002589611,2024,"Riverside"
"456",3877.21574070771,2025,"Riverside"
"457",4007.70145551931,2026,"Riverside"
"458",4138.18717033091,2027,"Riverside"
"459",4268.67288514252,2028,"Riverside"
"460",4399.15859995412,2029,"Riverside"
"461",4529.64431476572,2030,"Riverside"
"462",4660.13002957732,2031,"Riverside"
"463",4790.61574438893,2032,"Riverside"
"464",4921.10145920053,2033,"Riverside"
"465",5051.58717401213,2034,"Riverside"
"466",5182.07288882373,2035,"Riverside"
"467",986.96424169493,2010,"Sacramento"
"468",1218.56162727077,2011,"Sacramento"
"469",1305.08347037454,2012,"Sacramento"
"470",1391.6053134783,2013,"Sacramento"
"471",1478.12715658207,2014,"Sacramento"
"472",1564.64899968583,2015,"Sacramento"
"473",1651.17084278959,2016,"Sacramento"
"474",1737.69268589336,2017,"Sacramento"
"475",1824.21452899712,2018,"Sacramento"
"476",1910.73637210089,2019,"Sacramento"
"477",1997.25821520465,2020,"Sacramento"
"478",2083.78005830842,2021,"Sacramento"
"479",2170.30190141218,2022,"Sacramento"
"480",2256.82374451595,2023,"Sacramento"
"481",2343.34558761971,2024,"Sacramento"
"482",2429.86743072348,2025,"Sacramento"
"483",2516.38927382724,2026,"Sacramento"
"484",2602.91111693101,2027,"Sacramento"
"485",2689.43296003477,2028,"Sacramento"
"486",2775.95480313854,2029,"Sacramento"
"487",2862.4766462423,2030,"Sacramento"
"488",2948.99848934607,2031,"Sacramento"
"489",3035.52033244983,2032,"Sacramento"
"490",3122.0421755536,2033,"Sacramento"
"491",3208.56401865736,2034,"Sacramento"
"492",3295.08586176113,2035,"Sacramento"
"493",630.642685526931,2009,"San Bernardino"
"494",976.342965349613,2010,"San Bernardino"
"495",1046.71223273466,2011,"San Bernardino"
"496",1117.08150011971,2012,"San Bernardino"
"497",1187.45076750476,2013,"San Bernardino"
"498",1257.82003488981,2014,"San Bernardino"
"499",1328.18930227486,2015,"San Bernardino"
"500",1398.55856965991,2016,"San Bernardino"
"501",1468.92783704496,2017,"San Bernardino"
"502",1539.29710443001,2018,"San Bernardino"
"503",1609.66637181506,2019,"San Bernardino"
"504",1680.03563920011,2020,"San Bernardino"
"505",1750.40490658517,2021,"San Bernardino"
"506",1820.77417397022,2022,"San Bernardino"
"507",1891.14344135527,2023,"San Bernardino"
"508",1961.51270874032,2024,"San Bernardino"
"509",2031.88197612537,2025,"San Bernardino"
"510",2102.25124351042,2026,"San Bernardino"
"511",2172.62051089547,2027,"San Bernardino"
"512",2242.98977828052,2028,"San Bernardino"
"513",2313.35904566557,2029,"San Bernardino"
"514",2383.72831305062,2030,"San Bernardino"
"515",2454.09758043567,2031,"San Bernardino"
"516",2524.46684782072,2032,"San Bernardino"
"517",2594.83611520577,2033,"San Bernardino"
"518",2665.20538259082,2034,"San Bernardino"
"519",2735.57464997587,2035,"San Bernardino"
"520",1740.82033037655,2009,"San Diego"
"521",2809.31115681206,2010,"San Diego"
"522",3003.73267856441,2011,"San Diego"
"523",3198.15420031675,2012,"San Diego"
"524",3392.57572206909,2013,"San Diego"
"525",3586.99724382144,2014,"San Diego"
"526",3781.41876557378,2015,"San Diego"
"527",3975.84028732612,2016,"San Diego"
"528",4170.26180907846,2017,"San Diego"
"529",4364.68333083081,2018,"San Diego"
"530",4559.10485258315,2019,"San Diego"
"531",4753.52637433549,2020,"San Diego"
"532",4947.94789608784,2021,"San Diego"
"533",5142.36941784018,2022,"San Diego"
"534",5336.79093959252,2023,"San Diego"
"535",5531.21246134487,2024,"San Diego"
"536",5725.63398309721,2025,"San Diego"
"537",5920.05550484955,2026,"San Diego"
"538",6114.47702660189,2027,"San Diego"
"539",6308.89854835424,2028,"San Diego"
"540",6503.32007010658,2029,"San Diego"
"541",6697.74159185892,2030,"San Diego"
"542",6892.16311361126,2031,"San Diego"
"543",7086.58463536361,2032,"San Diego"
"544",7281.00615711595,2033,"San Diego"
"545",7475.42767886829,2034,"San Diego"
"546",7669.84920062064,2035,"San Diego"
"547",329.231627782798,2021,"San Joaquin"
"548",397.767691458271,2022,"San Joaquin"
"549",429.104405518954,2023,"San Joaquin"
"550",460.441119579638,2024,"San Joaquin"
"551",491.777833640321,2025,"San Joaquin"
"552",523.114547701004,2026,"San Joaquin"
"553",554.451261761687,2027,"San Joaquin"
"554",585.78797582237,2028,"San Joaquin"
"555",617.124689883053,2029,"San Joaquin"
"556",648.461403943737,2030,"San Joaquin"
"557",679.79811800442,2031,"San Joaquin"
"558",711.134832065103,2032,"San Joaquin"
"559",742.471546125786,2033,"San Joaquin"
"560",773.808260186469,2034,"San Joaquin"
"561",805.144974247153,2035,"San Joaquin"
"562",441.349570403921,2012,"San Luis Obispo"
"563",459.270575336742,2013,"San Luis Obispo"
"564",491.277495933659,2014,"San Luis Obispo"
"565",523.284416530576,2015,"San Luis Obispo"
"566",555.291337127493,2016,"San Luis Obispo"
"567",587.29825772441,2017,"San Luis Obispo"
"568",619.305178321328,2018,"San Luis Obispo"
"569",651.312098918245,2019,"San Luis Obispo"
"570",683.319019515162,2020,"San Luis Obispo"
"571",715.325940112079,2021,"San Luis Obispo"
"572",747.332860708996,2022,"San Luis Obispo"
"573",779.339781305913,2023,"San Luis Obispo"
"574",811.34670190283,2024,"San Luis Obispo"
"575",843.353622499747,2025,"San Luis Obispo"
"576",875.360543096664,2026,"San Luis Obispo"
"577",907.367463693581,2027,"San Luis Obispo"
"578",939.374384290499,2028,"San Luis Obispo"
"579",971.381304887416,2029,"San Luis Obispo"
"580",1003.38822548433,2030,"San Luis Obispo"
"581",1035.39514608125,2031,"San Luis Obispo"
"582",1067.40206667817,2032,"San Luis Obispo"
"583",1099.40898727508,2033,"San Luis Obispo"
"584",1131.415907872,2034,"San Luis Obispo"
"585",1163.42282846892,2035,"San Luis Obispo"
"586",6005.83989389037,2011,"San Mateo"
"587",7133.09987440854,2012,"San Mateo"
"588",7586.41382630687,2013,"San Mateo"
"589",8039.7277782052,2014,"San Mateo"
"590",8493.04173010352,2015,"San Mateo"
"591",8946.35568200185,2016,"San Mateo"
"592",9399.66963390018,2017,"San Mateo"
"593",9852.9835857985,2018,"San Mateo"
"594",10306.2975376968,2019,"San Mateo"
"595",10759.6114895952,2020,"San Mateo"
"596",11212.9254414935,2021,"San Mateo"
"597",11666.2393933918,2022,"San Mateo"
"598",12119.5533452901,2023,"San Mateo"
"599",12572.8672971885,2024,"San Mateo"
"600",13026.1812490868,2025,"San Mateo"
"601",13479.4952009851,2026,"San Mateo"
"602",13932.8091528834,2027,"San Mateo"
"603",14386.1231047818,2028,"San Mateo"
"604",14839.4370566801,2029,"San Mateo"
"605",15292.7510085784,2030,"San Mateo"
"606",15746.0649604768,2031,"San Mateo"
"607",16199.3789123751,2032,"San Mateo"
"608",16652.6928642734,2033,"San Mateo"
"609",17106.0068161717,2034,"San Mateo"
"610",17559.3207680701,2035,"San Mateo"
"611",478.356106585097,2021,"Santa Barbara"
"612",562.589853005994,2022,"Santa Barbara"
"613",599.065813096285,2023,"Santa Barbara"
"614",635.541773186575,2024,"Santa Barbara"
"615",672.017733276865,2025,"Santa Barbara"
"616",708.493693367156,2026,"Santa Barbara"
"617",744.969653457446,2027,"Santa Barbara"
"618",781.445613547736,2028,"Santa Barbara"
"619",817.921573638027,2029,"Santa Barbara"
"620",854.397533728317,2030,"Santa Barbara"
"621",890.873493818608,2031,"Santa Barbara"
"622",927.349453908898,2032,"Santa Barbara"
"623",963.825413999188,2033,"Santa Barbara"
"624",1000.30137408948,2034,"Santa Barbara"
"625",1036.77733417977,2035,"Santa Barbara"
"626",2890.93906024789,2020,"Santa Clara"
"627",4688.25989229887,2021,"Santa Clara"
"628",5011.00262888139,2022,"Santa Clara"
"629",5333.7453654639,2023,"Santa Clara"
"630",5656.48810204641,2024,"Santa Clara"
"631",5979.23083862893,2025,"Santa Clara"
"632",6301.97357521144,2026,"Santa Clara"
"633",6624.71631179395,2027,"Santa Clara"
"634",6947.45904837647,2028,"Santa Clara"
"635",7270.20178495898,2029,"Santa Clara"
"636",7592.94452154149,2030,"Santa Clara"
"637",7915.68725812401,2031,"Santa Clara"
"638",8238.42999470652,2032,"Santa Clara"
"639",8561.17273128903,2033,"Santa Clara"
"640",8883.91546787155,2034,"Santa Clara"
"641",9206.65820445406,2035,"Santa Clara"
"642",228.114600239238,2006,"Santa Cruz"
"643",300.998432145946,2007,"Santa Cruz"
"644",329.222078256487,2008,"Santa Cruz"
"645",357.445724367028,2009,"Santa Cruz"
"646",385.669370477569,2010,"Santa Cruz"
"647",413.89301658811,2011,"Santa Cruz"
"648",442.116662698651,2012,"Santa Cruz"
"649",470.340308809192,2013,"Santa Cruz"
"650",498.563954919733,2014,"Santa Cruz"
"651",526.787601030274,2015,"Santa Cruz"
"652",555.011247140815,2016,"Santa Cruz"
"653",583.234893251356,2017,"Santa Cruz"
"654",611.458539361897,2018,"Santa Cruz"
"655",639.682185472438,2019,"Santa Cruz"
"656",667.905831582979,2020,"Santa Cruz"
"657",696.12947769352,2021,"Santa Cruz"
"658",724.353123804062,2022,"Santa Cruz"
"659",752.576769914603,2023,"Santa Cruz"
"660",780.800416025144,2024,"Santa Cruz"
"661",809.024062135685,2025,"Santa Cruz"
"662",837.247708246226,2026,"Santa Cruz"
"663",865.471354356767,2027,"Santa Cruz"
"664",893.695000467308,2028,"Santa Cruz"
"665",921.918646577849,2029,"Santa Cruz"
"666",950.14229268839,2030,"Santa Cruz"
"667",978.365938798931,2031,"Santa Cruz"
"668",1006.58958490947,2032,"Santa Cruz"
"669",1034.81323102001,2033,"Santa Cruz"
"670",1063.03687713055,2034,"Santa Cruz"
"671",1091.2605232411,2035,"Santa Cruz"
"672",52.3611690822033,2016,"Shasta"
"673",58.5255801901553,2017,"Shasta"
"674",66.611152385513,2018,"Shasta"
"675",74.6967245808708,2019,"Shasta"
"676",82.7822967762286,2020,"Shasta"
"677",90.8678689715863,2021,"Shasta"
"678",98.9534411669441,2022,"Shasta"
"679",107.039013362302,2023,"Shasta"
"680",115.12458555766,2024,"Shasta"
"681",123.210157753017,2025,"Shasta"
"682",131.295729948375,2026,"Shasta"
"683",139.381302143733,2027,"Shasta"
"684",147.466874339091,2028,"Shasta"
"685",155.552446534449,2029,"Shasta"
"686",163.638018729806,2030,"Shasta"
"687",171.723590925164,2031,"Shasta"
"688",179.809163120522,2032,"Shasta"
"689",187.89473531588,2033,"Shasta"
"690",195.980307511237,2034,"Shasta"
"691",204.065879706595,2035,"Shasta"
"692",283.669231845841,2017,"Solano"
"693",390.898464758652,2018,"Solano"
"694",415.556276445097,2019,"Solano"
"695",440.214088131542,2020,"Solano"
"696",464.871899817988,2021,"Solano"
"697",489.529711504433,2022,"Solano"
"698",514.187523190878,2023,"Solano"
"699",538.845334877323,2024,"Solano"
"700",563.503146563769,2025,"Solano"
"701",588.160958250214,2026,"Solano"
"702",612.818769936659,2027,"Solano"
"703",637.476581623104,2028,"Solano"
"704",662.13439330955,2029,"Solano"
"705",686.792204995995,2030,"Solano"
"706",711.45001668244,2031,"Solano"
"707",736.107828368886,2032,"Solano"
"708",760.765640055331,2033,"Solano"
"709",785.423451741776,2034,"Solano"
"710",810.081263428221,2035,"Solano"
"711",621.729566341124,2020,"Sonoma"
"712",817.17937153957,2021,"Sonoma"
"713",883.764573781671,2022,"Sonoma"
"714",950.349776023773,2023,"Sonoma"
"715",1016.93497826587,2024,"Sonoma"
"716",1083.52018050798,2025,"Sonoma"
"717",1150.10538275008,2026,"Sonoma"
"718",1216.69058499218,2027,"Sonoma"
"719",1283.27578723428,2028,"Sonoma"
"720",1349.86098947638,2029,"Sonoma"
"721",1416.44619171848,2030,"Sonoma"
"722",1483.03139396058,2031,"Sonoma"
"723",1549.61659620268,2032,"Sonoma"
"724",1616.20179844479,2033,"Sonoma"
"725",1682.78700068689,2034,"Sonoma"
"726",1749.37220292899,2035,"Sonoma"
"727",134.850748895652,2018,"Stanislaus"
"728",157.570232753344,2019,"Stanislaus"
"729",172.263050646577,2020,"Stanislaus"
"730",186.955868539811,2021,"Stanislaus"
"731",201.648686433045,2022,"Stanislaus"
"732",216.341504326278,2023,"Stanislaus"
"733",231.034322219512,2024,"Stanislaus"
"734",245.727140112745,2025,"Stanislaus"
"735",260.419958005979,2026,"Stanislaus"
"736",275.112775899212,2027,"Stanislaus"
"737",289.805593792446,2028,"Stanislaus"
"738",304.498411685679,2029,"Stanislaus"
"739",319.191229578913,2030,"Stanislaus"
"740",333.884047472146,2031,"Stanislaus"
"741",348.57686536538,2032,"Stanislaus"
"742",363.269683258613,2033,"Stanislaus"
"743",377.962501151847,2034,"Stanislaus"
"744",392.65531904508,2035,"Stanislaus"
"745",235.361598515801,2018,"Tulare"
"746",280.886853666608,2019,"Tulare"
"747",308.730124683985,2020,"Tulare"
"748",336.573395701361,2021,"Tulare"
"749",364.416666718738,2022,"Tulare"
"750",392.259937736114,2023,"Tulare"
"751",420.103208753491,2024,"Tulare"
"752",447.946479770867,2025,"Tulare"
"753",475.789750788244,2026,"Tulare"
"754",503.63302180562,2027,"Tulare"
"755",531.476292822997,2028,"Tulare"
"756",559.319563840374,2029,"Tulare"
"757",587.16283485775,2030,"Tulare"
"758",615.006105875127,2031,"Tulare"
"759",642.849376892503,2032,"Tulare"
"760",670.69264790988,2033,"Tulare"
"761",698.535918927256,2034,"Tulare"
"762",726.379189944633,2035,"Tulare"
"763",46.6666603052801,2018,"Tuolumne"
"764",54.6666572772521,2019,"Tuolumne"
"765",64.1666540965727,2020,"Tuolumne"
"766",73.6666509158933,2021,"Tuolumne"
"767",83.166647735214,2022,"Tuolumne"
"768",92.6666445545346,2023,"Tuolumne"
"769",102.166641373855,2024,"Tuolumne"
"770",111.666638193176,2025,"Tuolumne"
"771",121.166635012496,2026,"Tuolumne"
"772",130.666631831817,2027,"Tuolumne"
"773",140.166628651138,2028,"Tuolumne"
"774",149.666625470458,2029,"Tuolumne"
"775",159.166622289779,2030,"Tuolumne"
"776",168.6666191091,2031,"Tuolumne"
"777",178.16661592842,2032,"Tuolumne"
"778",187.666612747741,2033,"Tuolumne"
"779",197.166609567062,2034,"Tuolumne"
"780",206.666606386382,2035,"Tuolumne"
"781",582.000951196861,2010,"Ventura"
"782",733.34477157678,2011,"Ventura"
"783",783.46024706939,2012,"Ventura"
"784",833.575722562,2013,"Ventura"
"785",883.69119805461,2014,"Ventura"
"786",933.80667354722,2015,"Ventura"
"787",983.92214903983,2016,"Ventura"
"788",1034.03762453244,2017,"Ventura"
"789",1084.15310002505,2018,"Ventura"
"790",1134.26857551766,2019,"Ventura"
"791",1184.38405101027,2020,"Ventura"
"792",1234.49952650288,2021,"Ventura"
"793",1284.61500199549,2022,"Ventura"
"794",1334.7304774881,2023,"Ventura"
"795",1384.84595298071,2024,"Ventura"
"796",1434.96142847332,2025,"Ventura"
"797",1485.07690396593,2026,"Ventura"
"798",1535.19237945854,2027,"Ventura"
"799",1585.30785495115,2028,"Ventura"
"800",1635.42333044376,2029,"Ventura"
"801",1685.53880593637,2030,"Ventura"
"802",1735.65428142898,2031,"Ventura"
"803",1785.76975692159,2032,"Ventura"
"804",1835.8852324142,2033,"Ventura"
"805",1886.00070790681,2034,"Ventura"
"806",1936.11618339942,2035,"Ventura"
"807",209.492076366182,2016,"Yolo"
"808",211.882649267655,2017,"Yolo"
"809",225.83400155185,2018,"Yolo"
"810",239.785353836045,2019,"Yolo"
"811",253.736706120239,2020,"Yolo"
"812",267.688058404434,2021,"Yolo"
"813",281.639410688629,2022,"Yolo"
"814",295.590762972824,2023,"Yolo"
"815",309.542115257018,2024,"Yolo"
"816",323.493467541213,2025,"Yolo"
"817",337.444819825408,2026,"Yolo"
"818",351.396172109602,2027,"Yolo"
"819",365.347524393797,2028,"Yolo"
"820",379.298876677992,2029,"Yolo"
"821",393.250228962187,2030,"Yolo"
"822",407.201581246381,2031,"Yolo"
"823",421.152933530576,2032,"Yolo"
"824",435.104285814771,2033,"Yolo"
"825",449.055638098965,2034,"Yolo"
"826",463.00699038316,2035,"Yolo"
